<?xml version="1.0" encoding="UTF-8"?>

<mule xmlns:http="http://www.mulesoft.org/schema/mule/http" xmlns:metadata="http://www.mulesoft.org/schema/mule/metadata" xmlns:dw="http://www.mulesoft.org/schema/mule/ee/dw" 
  xmlns:doc="http://www.mulesoft.org/schema/mule/documentation" 
  xmlns:tracking="http://www.mulesoft.org/schema/mule/ee/tracking" 
  xmlns:spring="http://www.springframework.org/schema/beans" 
  xmlns="http://www.mulesoft.org/schema/mule/core"
  xmlns:xsi="http://www.w3.org/2001/XMLSchema-instance"
  xmlns:file="http://www.mulesoft.org/schema/mule/file"
  xmlns:vm="http://www.mulesoft.org/schema/mule/vm"
  xsi:schemaLocation="http://www.mulesoft.org/schema/mule/core http://www.mulesoft.org/schema/mule/core/current/mule.xsd
http://www.mulesoft.org/schema/mule/file http://www.mulesoft.org/schema/mule/file/current/mule-file.xsd
http://www.mulesoft.org/schema/mule/vm http://www.mulesoft.org/schema/mule/vm/current/mule-vm.xsd
http://www.springframework.org/schema/beans http://www.springframework.org/schema/beans/spring-beans-current.xsd
http://www.mulesoft.org/schema/mule/ee/tracking http://www.mulesoft.org/schema/mule/ee/tracking/current/mule-tracking-ee.xsd
http://www.mulesoft.org/schema/mule/ee/dw http://www.mulesoft.org/schema/mule/ee/dw/current/dw.xsd
http://www.mulesoft.org/schema/mule/http http://www.mulesoft.org/schema/mule/http/current/mule-http.xsd">
    <http:listener-config name="HTTP_Listener_Configuration" host="0.0.0.0" port="8081" doc:name="HTTP Listener Configuration"/>

  <flow name="AuctionService" >
        <http:listener config-ref="HTTP_Listener_Configuration" path="/auction" doc:name="HTTP"/>
    <object-to-string-transformer doc:name="Object to String"/>
    <logger level="INFO" message="Consumed message: #[payload]" doc:name="Log Payload"/>
    <logger level="INFO" message="At time: #[function:now]" doc:name="Log TimeStamp"/>
        <request-reply doc:name="Request-Reply">
            <vm:outbound-endpoint exchange-pattern="one-way" path="split" doc:name="VM - split"/>
            <vm:inbound-endpoint exchange-pattern="one-way" path="auction.service" doc:name="VM - auction.service"/>
        </request-reply>
        <dw:transform-message doc:name="format payload" metadata:id="621aa97b-b76e-462a-97be-ec6d3c338ed0">
            <dw:input-payload doc:sample="sample_data\string_1.dwl" mimeType="application/java"/>
            <dw:set-payload><![CDATA[%dw 1.0
%output application/java
---
"winner: " ++ payload]]></dw:set-payload>
        </dw:transform-message>
    <!-- vm endpoint responsible for pushing result back to test -->
  </flow>
    <flow name="splitBids">
        <vm:inbound-endpoint exchange-pattern="one-way" path="split" doc:name="VM - split"/>
        <dw:transform-message doc:name="MULE_REPLYTO_STOP">
            <dw:set-variable variableName="MULE_REPLYTO_STOP"><![CDATA[%dw 1.0
%output application/java
---
true]]></dw:set-variable>
        </dw:transform-message>
        <dw:transform-message doc:name="split string to collection" metadata:id="50417587-4f06-42c8-82fb-45835d5686b2">
            <dw:input-payload doc:sample="sample_data\string.dwl" mimeType="application/java"/>
            <dw:set-payload><![CDATA[%dw 1.0
%output application/java
---
payload splitBy "\n"]]></dw:set-payload>
        </dw:transform-message>
        <collection-splitter doc:name="Collection Splitter"/>
        <vm:outbound-endpoint exchange-pattern="one-way" path="process" doc:name="VM - process"/>
    </flow>
    <flow name="processBids">
        <vm:inbound-endpoint exchange-pattern="one-way" path="process" doc:name="VM - process"/>
        <component class="com.mulesoft.EnricherAuctionComponent" doc:name="EnrichBids Java Component"/>
        <logger message="#[payload]" level="INFO" doc:name="Logger"/>
        <collection-aggregator failOnTimeout="false" doc:name="Collection Aggregator"/>
        <component class="com.mulesoft.HighestBidderAuctionComponent" doc:name="Highest Bidder Java Component"/>
        <logger message="Highest Bidder: #[payload]" level="INFO" doc:name="Log Payload"/>
        <logger message="At time: #[function:now]" level="INFO" doc:name="Log TimeStamp"/>
        <vm:outbound-endpoint exchange-pattern="one-way" path="auction.service" doc:name="VM: auction.service"/>
    </flow>

</mule>
